ts,pid,name,cpu_percent,cpu_seconds,rss_bytes,vms_bytes
2025-11-29T18:56:30.040374,43531,order_service_app,0.04,N/A,0,0
2025-11-29T18:56:32.047447,43350,user_service_app,0.07,N/A,0,0
2025-11-29T18:56:34.095987,43413,product_service_app,0.01,N/A,0,0
2025-11-29T18:56:37.142909,43531,order_service_app,0.81,N/A,0,0
2025-11-29T18:56:39.195472,43350,user_service_app,60.87,N/A,0,0
2025-11-29T18:56:41.211750,43413,product_service_app,17.28,N/A,0,0
2025-11-29T18:56:44.280948,43531,order_service_app,2.78,N/A,0,0
2025-11-29T18:56:46.313589,43350,user_service_app,99.93,N/A,0,0
2025-11-29T18:56:48.356508,43413,product_service_app,13.89,N/A,0,0
2025-11-29T18:56:51.433213,43531,order_service_app,3.42,N/A,0,0
2025-11-29T18:56:53.492638,43350,user_service_app,108.55,N/A,0,0
2025-11-29T18:56:55.518453,43413,product_service_app,16.06,N/A,0,0
2025-11-29T18:56:58.558492,43531,order_service_app,20.62,N/A,0,0
2025-11-29T18:57:00.689590,43350,user_service_app,101.95,N/A,0,0
2025-11-29T18:57:02.818276,43413,product_service_app,16.74,N/A,0,0
2025-11-29T18:57:05.896643,43531,order_service_app,22.33,N/A,0,0
2025-11-29T18:57:07.922912,43350,user_service_app,81.11,N/A,0,0
2025-11-29T18:57:09.946013,43413,product_service_app,31.61,N/A,0,0
2025-11-29T18:57:13.013513,43531,order_service_app,6.64,N/A,0,0
2025-11-29T18:57:15.045678,43350,user_service_app,101.46,N/A,0,0
2025-11-29T18:57:17.068640,43413,product_service_app,28.9,N/A,0,0
2025-11-29T18:57:20.102379,43531,order_service_app,10.69,N/A,0,0
2025-11-29T18:57:22.167551,43350,user_service_app,100.22,N/A,0,0
2025-11-29T18:57:24.168691,43413,product_service_app,29.54,N/A,0,0
2025-11-29T18:57:27.206700,43531,order_service_app,8.66,N/A,0,0
2025-11-29T18:57:29.224630,43350,user_service_app,101.07,N/A,0,0
2025-11-29T18:57:31.253384,43413,product_service_app,37.07,N/A,0,0
2025-11-29T18:57:34.316949,43531,order_service_app,4.48,N/A,0,0
2025-11-29T18:57:36.349384,43350,user_service_app,102.03,N/A,0,0
2025-11-29T18:57:38.381903,43413,product_service_app,30.12,N/A,0,0
2025-11-29T18:57:41.409480,43531,order_service_app,20.82,N/A,0,0
2025-11-29T18:57:43.437853,43350,user_service_app,101.89,N/A,0,0
2025-11-29T18:57:45.467572,43413,product_service_app,37.85,N/A,0,0
2025-11-29T18:57:48.518440,43531,order_service_app,8.28,N/A,0,0
2025-11-29T18:57:50.538184,43350,user_service_app,101.45,N/A,0,0
2025-11-29T18:57:52.566190,43413,product_service_app,22.77,N/A,0,0
2025-11-29T18:57:55.609857,43531,order_service_app,12.13,N/A,0,0
2025-11-29T18:57:57.633503,43350,user_service_app,101.32,N/A,0,0
2025-11-29T18:57:59.658889,43413,product_service_app,31.28,N/A,0,0
2025-11-29T18:58:02.716524,43531,order_service_app,16.01,N/A,0,0
2025-11-29T18:58:04.735467,43350,user_service_app,102.0,N/A,0,0
2025-11-29T18:58:06.757372,43413,product_service_app,28.0,N/A,0,0
2025-11-29T18:58:09.800772,43531,order_service_app,4.64,N/A,0,0
2025-11-29T18:58:11.826935,43350,user_service_app,76.13,N/A,0,0
2025-11-29T18:58:13.870663,43413,product_service_app,39.44,N/A,0,0
2025-11-29T18:58:16.937980,43531,order_service_app,2.23,N/A,0,0
2025-11-29T18:58:18.982899,43350,user_service_app,94.9,N/A,0,0
2025-11-29T18:58:21.006165,43413,product_service_app,23.36,N/A,0,0
2025-11-29T18:58:24.067400,43531,order_service_app,37.88,N/A,0,0
2025-11-29T18:58:26.082015,43350,user_service_app,93.79,N/A,0,0
2025-11-29T18:58:28.103701,43413,product_service_app,24.42,N/A,0,0
2025-11-29T18:58:31.142628,43531,order_service_app,7.6,N/A,0,0
2025-11-29T18:58:33.169438,43350,user_service_app,84.11,N/A,0,0
2025-11-29T18:58:35.205448,43413,product_service_app,41.44,N/A,0,0
2025-11-29T18:58:38.244484,43531,order_service_app,2.66,N/A,0,0
2025-11-29T18:58:40.252934,43350,user_service_app,100.03,N/A,0,0
2025-11-29T18:58:42.296678,43413,product_service_app,16.05,N/A,0,0
2025-11-29T18:58:45.320246,43531,order_service_app,0.02,N/A,0,0
2025-11-29T18:58:47.344568,43350,user_service_app,102.3,N/A,0,0
2025-11-29T18:58:49.371337,43413,product_service_app,13.94,N/A,0,0
2025-11-29T18:58:52.417209,43531,order_service_app,0.43,N/A,0,0
2025-11-29T18:58:54.458187,43350,user_service_app,102.77,N/A,0,0
2025-11-29T18:58:56.481839,43413,product_service_app,19.82,N/A,0,0
2025-11-29T18:58:59.507791,43531,order_service_app,0.49,N/A,0,0
2025-11-29T18:59:01.603658,43350,user_service_app,105.24,N/A,0,0
2025-11-29T18:59:03.713539,43413,product_service_app,25.58,N/A,0,0
2025-11-29T18:59:06.743566,43531,order_service_app,2.44,N/A,0,0
2025-11-29T18:59:08.785809,43350,user_service_app,99.03,N/A,0,0
2025-11-29T18:59:10.808980,43413,product_service_app,22.31,N/A,0,0
2025-11-29T18:59:13.888971,43531,order_service_app,5.19,N/A,0,0
2025-11-29T18:59:16.013384,43350,user_service_app,103.49,N/A,0,0
2025-11-29T18:59:18.071432,43413,product_service_app,23.13,N/A,0,0
2025-11-29T18:59:21.127578,43531,order_service_app,2.75,N/A,0,0
2025-11-29T18:59:23.148494,43350,user_service_app,102.31,N/A,0,0
2025-11-29T18:59:25.219092,43413,product_service_app,38.7,N/A,0,0
2025-11-29T18:59:28.272264,43531,order_service_app,1.52,N/A,0,0
2025-11-29T18:59:30.297894,43350,user_service_app,98.58,N/A,0,0
2025-11-29T18:59:32.326607,43413,product_service_app,26.65,N/A,0,0
2025-11-29T18:59:35.364899,43531,order_service_app,4.14,N/A,0,0
2025-11-29T18:59:37.442728,43350,user_service_app,98.97,N/A,0,0
2025-11-29T18:59:39.465231,43413,product_service_app,29.42,N/A,0,0
2025-11-29T18:59:42.537692,43531,order_service_app,2.39,N/A,0,0
2025-11-29T18:59:44.559971,43350,user_service_app,100.44,N/A,0,0
2025-11-29T18:59:46.592511,43413,product_service_app,20.04,N/A,0,0
2025-11-29T18:59:49.628594,43531,order_service_app,17.78,N/A,0,0
2025-11-29T18:59:51.656996,43350,user_service_app,101.29,N/A,0,0
2025-11-29T18:59:53.684624,43413,product_service_app,31.2,N/A,0,0
2025-11-29T18:59:56.733774,43531,order_service_app,5.68,N/A,0,0
2025-11-29T18:59:58.755906,43350,user_service_app,101.06,N/A,0,0
2025-11-29T19:00:00.793723,43413,product_service_app,56.64,N/A,0,0
2025-11-29T19:00:03.841163,43531,order_service_app,4.0,N/A,0,0
2025-11-29T19:00:05.871445,43350,user_service_app,99.6,N/A,0,0
2025-11-29T19:00:07.893693,43413,product_service_app,29.94,N/A,0,0
2025-11-29T19:00:10.936537,43531,order_service_app,2.82,N/A,0,0
2025-11-29T19:00:12.953726,43350,user_service_app,101.35,N/A,0,0
2025-11-29T19:00:14.981918,43413,product_service_app,18.84,N/A,0,0
2025-11-29T19:00:18.024386,43531,order_service_app,2.9,N/A,0,0
2025-11-29T19:00:20.054241,43350,user_service_app,101.47,N/A,0,0
2025-11-29T19:00:22.115431,43413,product_service_app,28.4,N/A,0,0
2025-11-29T19:00:25.165779,43531,order_service_app,4.17,N/A,0,0
2025-11-29T19:00:27.190028,43350,user_service_app,99.61,N/A,0,0
2025-11-29T19:00:29.211764,43413,product_service_app,22.88,N/A,0,0
2025-11-29T19:00:32.317543,43531,order_service_app,2.0,N/A,0,0
2025-11-29T19:00:34.289482,43350,user_service_app,99.03,N/A,0,0
2025-11-29T19:00:36.301736,43413,product_service_app,28.3,N/A,0,0
2025-11-29T19:00:39.336798,43531,order_service_app,0.02,N/A,0,0
2025-11-29T19:00:41.359453,43350,user_service_app,100.7,N/A,0,0
2025-11-29T19:00:43.390323,43413,product_service_app,40.61,N/A,0,0
2025-11-29T19:00:46.468226,43531,order_service_app,0.07,N/A,0,0
2025-11-29T19:00:48.472557,43350,user_service_app,99.45,N/A,0,0
2025-11-29T19:00:50.505923,43413,product_service_app,11.61,N/A,0,0
2025-11-29T19:00:53.533819,43531,order_service_app,0.02,N/A,0,0
2025-11-29T19:00:55.560255,43350,user_service_app,101.24,N/A,0,0
2025-11-29T19:00:57.582413,43413,product_service_app,17.84,N/A,0,0
2025-11-29T19:01:00.610411,43531,order_service_app,0.02,N/A,0,0
2025-11-29T19:01:02.664921,43350,user_service_app,103.43,N/A,0,0
2025-11-29T19:01:04.713546,43413,product_service_app,24.71,N/A,0,0
2025-11-29T19:01:07.764976,43531,order_service_app,44.97,N/A,0,0
2025-11-29T19:01:09.794537,43350,user_service_app,99.61,N/A,0,0
2025-11-29T19:01:11.827256,43413,product_service_app,19.86,N/A,0,0
2025-11-29T19:01:14.867501,43531,order_service_app,0.55,N/A,0,0
2025-11-29T19:01:16.899053,43350,user_service_app,98.82,N/A,0,0
2025-11-29T19:01:18.925041,43413,product_service_app,23.07,N/A,0,0
2025-11-29T19:01:21.975902,43531,order_service_app,0.03,N/A,0,0
2025-11-29T19:01:24.005050,43350,user_service_app,98.59,N/A,0,0
2025-11-29T19:01:26.035889,43413,product_service_app,21.58,N/A,0,0
2025-11-29T19:01:29.060887,43531,order_service_app,0.59,N/A,0,0
2025-11-29T19:01:31.077250,43350,user_service_app,99.12,N/A,0,0
2025-11-29T19:01:33.110759,43413,product_service_app,25.09,N/A,0,0
2025-11-29T19:01:36.151725,43531,order_service_app,32.16,N/A,0,0
2025-11-29T19:01:38.162178,43350,user_service_app,99.26,N/A,0,0
2025-11-29T19:01:40.210907,43413,product_service_app,22.27,N/A,0,0
2025-11-29T19:01:43.241224,43531,order_service_app,0.04,N/A,0,0
2025-11-29T19:01:45.341170,43350,user_service_app,100.72,N/A,0,0
2025-11-29T19:01:47.388802,43413,product_service_app,26.25,N/A,0,0
2025-11-29T19:01:50.419165,43531,order_service_app,0.03,N/A,0,0
2025-11-29T19:01:52.447640,43350,user_service_app,101.56,N/A,0,0
2025-11-29T19:01:54.471753,43413,product_service_app,29.31,N/A,0,0
2025-11-29T19:01:57.497093,43531,order_service_app,0.03,N/A,0,0
2025-11-29T19:01:59.515074,43350,user_service_app,100.71,N/A,0,0
2025-11-29T19:02:01.541607,43413,product_service_app,20.08,N/A,0,0
2025-11-29T19:02:04.565975,43531,order_service_app,0.71,N/A,0,0
2025-11-29T19:02:06.591260,43350,user_service_app,99.44,N/A,0,0
2025-11-29T19:02:08.629817,43413,product_service_app,25.02,N/A,0,0
2025-11-29T19:02:11.659944,43531,order_service_app,0.75,N/A,0,0
2025-11-29T19:02:13.671449,43350,user_service_app,99.73,N/A,0,0
2025-11-29T19:02:15.699191,43413,product_service_app,26.75,N/A,0,0
2025-11-29T19:02:18.735206,43531,order_service_app,0.03,N/A,0,0
2025-11-29T19:02:20.751171,43350,user_service_app,102.08,N/A,0,0
2025-11-29T19:02:22.782915,43413,product_service_app,20.18,N/A,0,0
2025-11-29T19:02:25.816299,43531,order_service_app,0.04,N/A,0,0
2025-11-29T19:02:27.839755,43350,user_service_app,101.42,N/A,0,0
2025-11-29T19:02:29.883904,43413,product_service_app,28.83,N/A,0,0
2025-11-29T19:02:32.925965,43531,order_service_app,0.64,N/A,0,0
2025-11-29T19:02:34.951582,43350,user_service_app,100.78,N/A,0,0
2025-11-29T19:02:36.980160,43413,product_service_app,21.53,N/A,0,0
2025-11-29T19:02:39.998354,43531,order_service_app,0.5,N/A,0,0
2025-11-29T19:02:42.031320,43350,user_service_app,100.91,N/A,0,0
2025-11-29T19:02:44.059685,43413,product_service_app,35.73,N/A,0,0
2025-11-29T19:02:47.100953,43531,order_service_app,0.08,N/A,0,0
2025-11-29T19:02:49.128970,43350,user_service_app,101.45,N/A,0,0
2025-11-29T19:02:51.146825,43413,product_service_app,38.11,N/A,0,0
2025-11-29T19:02:54.176270,43531,order_service_app,0.03,N/A,0,0
2025-11-29T19:02:56.212358,43350,user_service_app,98.99,N/A,0,0
2025-11-29T19:02:58.227424,43413,product_service_app,25.89,N/A,0,0
2025-11-29T19:03:01.295883,43531,order_service_app,2.46,N/A,0,0
2025-11-29T19:03:03.338893,43350,user_service_app,101.63,N/A,0,0
2025-11-29T19:03:05.368537,43413,product_service_app,34.69,N/A,0,0
2025-11-29T19:03:08.412940,43531,order_service_app,1.97,N/A,0,0
2025-11-29T19:03:10.436796,43350,user_service_app,102.18,N/A,0,0
2025-11-29T19:03:12.472665,43413,product_service_app,30.05,N/A,0,0
2025-11-29T19:03:15.496873,43531,order_service_app,0.05,N/A,0,0
2025-11-29T19:03:17.522840,43350,user_service_app,100.18,N/A,0,0
2025-11-29T19:03:19.556979,43413,product_service_app,20.98,N/A,0,0
2025-11-29T19:03:22.596800,43531,order_service_app,1.14,N/A,0,0
2025-11-29T19:03:24.621869,43350,user_service_app,98.57,N/A,0,0
2025-11-29T19:03:26.638023,43413,product_service_app,25.8,N/A,0,0
2025-11-29T19:03:29.669332,43531,order_service_app,1.1,N/A,0,0
2025-11-29T19:03:31.706625,43350,user_service_app,98.29,N/A,0,0
2025-11-29T19:03:33.724097,43413,product_service_app,21.76,N/A,0,0
2025-11-29T19:03:36.763159,43531,order_service_app,0.05,N/A,0,0
2025-11-29T19:03:38.793186,43350,user_service_app,98.94,N/A,0,0
2025-11-29T19:03:40.809429,43413,product_service_app,42.47,N/A,0,0
2025-11-29T19:03:43.858219,43531,order_service_app,0.11,N/A,0,0
2025-11-29T19:03:45.892405,43350,user_service_app,98.34,N/A,0,0
2025-11-29T19:03:47.915414,43413,product_service_app,34.74,N/A,0,0
2025-11-29T19:03:50.954748,43531,order_service_app,2.06,N/A,0,0
2025-11-29T19:03:52.996581,43350,user_service_app,99.04,N/A,0,0
2025-11-29T19:03:55.063558,43413,product_service_app,35.92,N/A,0,0
2025-11-29T19:03:58.072845,43531,order_service_app,45.22,N/A,0,0
2025-11-29T19:04:00.095420,43350,user_service_app,99.86,N/A,0,0
2025-11-29T19:04:02.109982,43413,product_service_app,34.74,N/A,0,0
2025-11-29T19:04:05.159310,43531,order_service_app,0.05,N/A,0,0
2025-11-29T19:04:07.183844,43350,user_service_app,98.98,N/A,0,0
2025-11-29T19:04:09.212155,43413,product_service_app,26.63,N/A,0,0
2025-11-29T19:04:12.242596,43531,order_service_app,1.37,N/A,0,0
2025-11-29T19:04:14.272924,43350,user_service_app,101.72,N/A,0,0
2025-11-29T19:04:16.295226,43413,product_service_app,18.77,N/A,0,0
2025-11-29T19:04:19.387740,43531,order_service_app,0.06,N/A,0,0
2025-11-29T19:04:21.421760,43350,user_service_app,98.72,N/A,0,0
2025-11-29T19:04:23.447274,43413,product_service_app,40.74,N/A,0,0
2025-11-29T19:04:26.485305,43531,order_service_app,0.06,N/A,0,0
2025-11-29T19:04:28.551629,43350,user_service_app,101.19,N/A,0,0
2025-11-29T19:04:30.572842,43413,product_service_app,23.88,N/A,0,0
2025-11-29T19:04:33.621753,43531,order_service_app,0.11,N/A,0,0
2025-11-29T19:04:35.671498,43350,user_service_app,101.57,N/A,0,0
2025-11-29T19:04:37.701806,43413,product_service_app,22.71,N/A,0,0
2025-11-29T19:04:40.769395,43531,order_service_app,0.08,N/A,0,0
2025-11-29T19:04:42.801336,43350,user_service_app,99.33,N/A,0,0
2025-11-29T19:04:44.835903,43413,product_service_app,30.66,N/A,0,0
2025-11-29T19:04:47.904161,43531,order_service_app,0.09,N/A,0,0
2025-11-29T19:04:49.918113,43350,user_service_app,100.1,N/A,0,0
2025-11-29T19:04:51.976381,43413,product_service_app,38.97,N/A,0,0
2025-11-29T19:04:55.054827,43531,order_service_app,5.06,N/A,0,0
2025-11-29T19:04:57.116579,43350,user_service_app,96.65,N/A,0,0
2025-11-29T19:04:59.167841,43413,product_service_app,29.83,N/A,0,0
2025-11-29T19:05:02.208365,43531,order_service_app,0.12,N/A,0,0
2025-11-29T19:05:04.278497,43350,user_service_app,102.35,N/A,0,0
2025-11-29T19:05:06.324378,43413,product_service_app,45.69,N/A,0,0
2025-11-29T19:05:09.359570,43531,order_service_app,0.13,N/A,0,0
2025-11-29T19:05:11.404564,43350,user_service_app,98.5,N/A,0,0
2025-11-29T19:05:13.442809,43413,product_service_app,48.13,N/A,0,0
2025-11-29T19:05:16.469421,43531,order_service_app,4.12,N/A,0,0
2025-11-29T19:05:18.501540,43350,user_service_app,98.43,N/A,0,0
2025-11-29T19:05:20.525490,43413,product_service_app,26.75,N/A,0,0
2025-11-29T19:05:23.607404,43531,order_service_app,0.11,N/A,0,0
2025-11-29T19:05:25.643787,43350,user_service_app,103.2,N/A,0,0
2025-11-29T19:05:27.665172,43413,product_service_app,19.84,N/A,0,0
2025-11-29T19:05:30.716328,43531,order_service_app,0.09,N/A,0,0
2025-11-29T19:05:32.752110,43350,user_service_app,100.79,N/A,0,0
2025-11-29T19:05:34.790186,43413,product_service_app,35.1,N/A,0,0
2025-11-29T19:05:37.841197,43531,order_service_app,2.25,N/A,0,0
2025-11-29T19:05:39.860549,43350,user_service_app,101.5,N/A,0,0
2025-11-29T19:05:41.911002,43413,product_service_app,37.46,N/A,0,0
2025-11-29T19:05:45.053704,43531,order_service_app,0.14,N/A,0,0
2025-11-29T19:05:47.076256,43350,user_service_app,99.79,N/A,0,0
2025-11-29T19:05:49.089763,43413,product_service_app,27.0,N/A,0,0
2025-11-29T19:05:52.125327,43531,order_service_app,0.05,N/A,0,0
2025-11-29T19:05:54.164726,43350,user_service_app,101.21,N/A,0,0
2025-11-29T19:05:56.193237,43413,product_service_app,40.95,N/A,0,0
2025-11-29T19:05:59.227170,43531,order_service_app,1.3,N/A,0,0
2025-11-29T19:06:01.250119,43350,user_service_app,100.47,N/A,0,0
2025-11-29T19:06:03.264113,43413,product_service_app,34.25,N/A,0,0
2025-11-29T19:06:06.323394,43531,order_service_app,0.43,N/A,0,0
2025-11-29T19:06:08.332157,43350,user_service_app,100.91,N/A,0,0
2025-11-29T19:06:10.369964,43413,product_service_app,48.18,N/A,0,0
2025-11-29T19:06:13.398738,43531,order_service_app,0.2,N/A,0,0
2025-11-29T19:06:15.434214,43350,user_service_app,100.66,N/A,0,0
2025-11-29T19:06:17.471720,43413,product_service_app,37.45,N/A,0,0
2025-11-29T19:06:20.483981,43531,order_service_app,2.47,N/A,0,0
2025-11-29T19:06:22.516265,43350,user_service_app,99.83,N/A,0,0
2025-11-29T19:06:24.549014,43413,product_service_app,22.48,N/A,0,0
2025-11-29T19:06:27.587027,43531,order_service_app,1.7,N/A,0,0
2025-11-29T19:06:29.602405,43350,user_service_app,98.38,N/A,0,0
2025-11-29T19:06:31.633417,43413,product_service_app,24.49,N/A,0,0
2025-11-29T19:06:34.677385,43531,order_service_app,0.71,N/A,0,0
2025-11-29T19:06:36.690138,43350,user_service_app,99.63,N/A,0,0
2025-11-29T19:06:38.731944,43413,product_service_app,0.01,N/A,0,0
2025-11-29T19:06:41.765726,43531,order_service_app,0.06,N/A,0,0
2025-11-29T19:06:43.790743,43350,user_service_app,98.93,N/A,0,0
2025-11-29T19:06:45.804510,43413,product_service_app,0.01,N/A,0,0
2025-11-29T19:06:48.859201,43531,order_service_app,2.08,N/A,0,0
2025-11-29T19:06:50.874259,43350,user_service_app,98.76,N/A,0,0
2025-11-29T19:06:52.899311,43413,product_service_app,0.01,N/A,0,0
2025-11-29T19:06:55.949971,43531,order_service_app,2.36,N/A,0,0
2025-11-29T19:06:57.970234,43350,user_service_app,98.96,N/A,0,0
2025-11-29T19:06:59.997291,43413,product_service_app,0.01,N/A,0,0
2025-11-29T19:07:03.072303,43531,order_service_app,0.17,N/A,0,0
2025-11-29T19:07:05.202950,43350,user_service_app,99.18,N/A,0,0
2025-11-29T19:07:07.227252,43413,product_service_app,1.81,N/A,0,0
2025-11-29T19:07:10.368515,43531,order_service_app,0.07,N/A,0,0
2025-11-29T19:07:12.425028,43350,user_service_app,97.79,N/A,0,0
2025-11-29T19:07:14.433588,43413,product_service_app,5.5,N/A,0,0
2025-11-29T19:07:17.484744,43531,order_service_app,0.09,N/A,0,0
2025-11-29T19:07:19.520678,43350,user_service_app,98.51,N/A,0,0
2025-11-29T19:07:21.582327,43413,product_service_app,0.05,N/A,0,0
2025-11-29T19:07:24.634672,43531,order_service_app,2.56,N/A,0,0
2025-11-29T19:07:26.651529,43350,user_service_app,101.18,N/A,0,0
2025-11-29T19:07:28.705286,43413,product_service_app,0.02,N/A,0,0
